id_cliente,nombre,clase_riesgo,total_casos,casos_graves,costo_total,trabajadores_prom,pct_graves,costo_x_trab,ranking_clase
54,Tequendama Construcción Group S.A.S.,4,1956,522.0,16170660000.0,1012.5,26.7,15971022.0,1
13,Horizonte Construcción Group S.A.S.,4,1596,366.0,10934130000.0,634.1666666666666,22.9,17241729.0,2
12,Samán Manufactura & Cía.,5,798,228.0,6864744000.0,362.5,28.6,18937225.0,1
110,Orinoco Agroindustria S.A.,3,1170,198.0,6034650000.0,632.8333333333334,16.9,9535923.0,1
51,Orinoco Construcción S.A.,4,732,210.0,5550672000.0,203.16666666666666,28.7,27320781.0,3
61,Nogal Manufactura S.A.S.,4,558,174.0,5211426000.0,241.5,31.2,21579404.0,4
21,Orinoco Manufactura & Cía.,3,702,156.0,4492452000.0,569.0,22.2,7895346.0,2
97,Sabana Construcción Ltda.,4,594,120.0,4224216000.0,623.0,20.2,6780443.0,5
57,Zenú Manufactura Ltda.,5,468,138.0,4000818000.0,203.33333333333334,29.5,19676154.0,2
22,Farallones Agroindustria S.A.,3,654,138.0,3990300000.0,351.5,21.1,11352205.0,3
42,Magdalena Construcción S.A.S.,4,738,114.0,3784902000.0,355.1666666666667,15.4,10656693.0,6
93,Farallones Construcción Ltda.,5,438,126.0,3430320000.0,95.66666666666667,28.8,35857003.0,3
56,Samán Construcción S.A.S.,4,498,108.0,3418236000.0,399.1666666666667,21.7,8563430.0,7
112,Tayrona Transporte S.A.,4,486,102.0,3386484000.0,321.6666666666667,21.0,10527930.0,8
11,Caribe Manufactura S.A.,5,396,126.0,3361362000.0,288.5,31.8,11651168.0,4
27,Orinoco Minería & Cía.,4,558,90.0,3127878000.0,453.3333333333333,16.1,6899731.0,9
95,Horizonte Minería & Cía.,5,354,90.0,2898162000.0,311.0,25.4,9318849.0,5
76,Nogal Minería S.A.S.,4,336,90.0,2881902000.0,92.33333333333333,26.8,31211935.0,10
111,Andina Transporte S.A.,4,330,78.0,2731968000.0,199.0,23.6,13728482.0,11
80,Pacífico Agroindustria Ltda.,4,204,72.0,2673126000.0,124.83333333333333,35.3,21413559.0,12
104,Tayrona Manufactura S.A.,5,336,90.0,2650698000.0,203.5,26.8,13025543.0,6
115,Tayrona Minería & Cía.,4,252,78.0,2409252000.0,99.16666666666667,31.0,24294978.0,13
72,Nogal Agroindustria S.A.S.,4,348,90.0,2227716000.0,130.0,25.9,17136277.0,14
109,Tequendama Agroindustria Group S.A.S.,3,258,60.0,1966980000.0,180.66666666666666,23.3,10887343.0,4
83,Andina Servicios Group S.A.S.,2,252,54.0,1843926000.0,144.33333333333334,21.4,12775469.0,1
91,Arrayán Transporte S.A.,3,294,48.0,1756170000.0,200.66666666666666,16.3,8751678.0,5
34,Cordillera Transporte Ltda.,3,216,42.0,1658022000.0,107.0,19.4,15495533.0,6
45,Andina Salud Ltda.,3,192,48.0,1618488000.0,181.33333333333334,25.0,8925485.0,7
10,Caribe Manufactura S.A.S.,4,240,72.0,1575936000.0,133.33333333333334,30.0,11819520.0,15
62,Orinoco Construcción & Cía.,4,294,60.0,1538880000.0,286.3333333333333,20.4,5374435.0,16
4,Zenú Manufactura S.A.,4,216,36.0,1497240000.0,99.0,16.7,15123636.0,17
98,Pacífico Agroindustria S.A.,4,228,42.0,1405308000.0,78.0,18.4,18016769.0,18
33,Farallones Manufactura Ltda.,4,162,36.0,1387956000.0,113.33333333333333,22.2,12246671.0,19
82,Andina Agroindustria & Cía.,3,198,48.0,1203972000.0,201.83333333333334,24.2,5965179.0,8
84,Horizonte Transporte Ltda.,4,216,48.0,1194690000.0,233.83333333333334,22.2,5109152.0,20
1,Horizonte Manufactura S.A.,4,162,30.0,1160130000.0,191.83333333333334,18.5,6047593.0,21
35,Zenú Construcción Ltda.,4,174,30.0,1040826000.0,152.5,17.2,6825089.0,22
120,Ceiba Servicios Ltda.,1,198,24.0,1033746000.0,952.0,12.1,1085868.0,1
66,Palmira Manufactura Group S.A.S.,4,108,36.0,997326000.0,143.0,33.3,6974308.0,23
19,Palmira Agroindustria S.A.S.,4,174,30.0,965760000.0,105.16666666666667,17.2,9183138.0,24
28,Sabana Agroindustria Ltda.,3,60,30.0,923688000.0,79.83333333333333,50.0,11570205.0,9
16,Andina Transporte Ltda.,3,60,24.0,851160000.0,90.33333333333333,40.0,9422435.0,10
39,Farallones Salud Ltda.,2,144,24.0,791424000.0,256.6666666666667,16.7,3083470.0,2
101,Quimbaya Construcción & Cía.,5,84,24.0,748242000.0,60.5,28.6,12367636.0,7
36,Palmira Construcción Group S.A.S.,4,114,30.0,747312000.0,52.5,26.3,14234514.0,25
86,Altamira Construcción S.A.S.,4,72,24.0,704544000.0,47.0,33.3,14990298.0,26
55,Arrayán Manufactura Group S.A.S.,3,66,30.0,688746000.0,115.33333333333333,45.5,5971786.0,11
113,Palmira Servicios & Cía.,2,78,18.0,677148000.0,89.5,23.1,7565899.0,3
14,Nogal Manufactura S.A.,5,210,18.0,634734000.0,111.16666666666667,8.6,5709751.0,8
40,Tayrona Comercio Ltda.,2,228,24.0,597270000.0,449.1666666666667,10.5,1329729.0,4
90,Palmira Salud Group S.A.S.,3,240,24.0,592812000.0,830.6666666666666,10.0,713658.0,12
17,Palmira Manufactura S.A.,3,66,12.0,581628000.0,59.166666666666664,18.2,9830332.0,13
31,Guadua Salud Group S.A.S.,3,54,24.0,567762000.0,106.16666666666667,44.4,5347837.0,14
75,Arrayán Construcción & Cía.,5,60,18.0,566574000.0,48.333333333333336,30.0,11722221.0,9
59,Horizonte Transporte & Cía.,3,84,24.0,557316000.0,116.66666666666667,28.6,4776994.0,15
48,Samán Minería S.A.S.,5,96,18.0,545616000.0,76.16666666666667,18.8,7163449.0,10
79,Orinoco Salud & Cía.,3,108,18.0,541848000.0,76.0,16.7,7129579.0,16
18,Ceiba Agroindustria Ltda.,4,54,24.0,532968000.0,164.66666666666666,44.4,3236648.0,27
53,Orinoco Transporte Ltda.,3,96,12.0,516072000.0,108.66666666666667,12.5,4749129.0,17
68,Tequendama Transporte Ltda.,3,174,6.0,494484000.0,109.5,3.4,4515836.0,18
89,Guadua Transporte S.A.S.,3,78,18.0,473712000.0,80.0,23.1,5921400.0,19
9,Andina Manufactura Ltda.,4,78,18.0,456774000.0,61.833333333333336,23.1,7387181.0,28
73,Ceiba Transporte S.A.S.,3,78,12.0,442806000.0,157.5,15.4,2811467.0,20
26,Tequendama Salud S.A.S.,2,162,12.0,428232000.0,260.1666666666667,7.4,1645991.0,5
116,Ceiba Agroindustria Group S.A.S.,4,60,12.0,416364000.0,66.33333333333333,20.0,6276844.0,29
85,Nogal Transporte S.A.S.,3,72,18.0,408108000.0,82.0,25.0,4976927.0,21
24,Guadua Manufactura S.A.,5,102,12.0,313248000.0,24.166666666666668,11.8,12961986.0,11
63,Palmira Manufactura S.A.S.,4,72,6.0,273348000.0,170.66666666666666,8.3,1601648.0,30
103,Palmira Transporte Ltda.,4,24,6.0,268578000.0,51.0,25.0,5266235.0,31
81,Farallones Construcción Group S.A.S.,5,78,12.0,264744000.0,87.5,15.4,3025646.0,12
3,Sabana Comercio & Cía.,2,30,6.0,226272000.0,39.333333333333336,20.0,5752678.0,6
52,Nogal Salud S.A.,2,48,6.0,217896000.0,62.666666666666664,12.5,3477064.0,7
6,Tayrona Comercio S.A.S.,1,42,6.0,216588000.0,129.5,14.3,1672494.0,2
71,Caribe Servicios & Cía.,1,48,6.0,215994000.0,401.8333333333333,12.5,537521.0,3
44,Altamira Manufactura S.A.S.,3,30,12.0,212586000.0,68.83333333333333,40.0,3088416.0,22
43,Guadua Comercio & Cía.,2,54,6.0,197400000.0,90.33333333333333,11.1,2185240.0,8
106,Palmira Salud Ltda.,3,12,6.0,197232000.0,47.833333333333336,50.0,4123317.0,23
119,Farallones Manufactura & Cía.,4,24,6.0,192606000.0,27.0,25.0,7133556.0,32
60,Farallones Servicios Group S.A.S.,2,6,6.0,186684000.0,12.5,100.0,14934720.0,9
32,Guadua Servicios & Cía.,2,12,6.0,183636000.0,77.5,50.0,2369497.0,10
77,Orinoco Agroindustria & Cía.,3,60,6.0,172332000.0,63.5,10.0,2713890.0,24
102,Sabana Servicios S.A.,2,30,6.0,167424000.0,103.83333333333333,20.0,1612430.0,11
114,Samán Transporte Group S.A.S.,3,24,6.0,162720000.0,36.833333333333336,25.0,4417738.0,25
69,Palmira Transporte Group S.A.S.,3,84,6.0,156126000.0,117.5,7.1,1328732.0,26
29,Horizonte Servicios Group S.A.S.,1,42,0.0,145692000.0,171.16666666666666,0.0,851170.0,4
30,Samán Comercio Ltda.,1,66,6.0,143676000.0,342.8333333333333,9.1,419084.0,5
117,Altamira Servicios & Cía.,1,60,0.0,127668000.0,506.0,0.0,252308.0,6
118,Quimbaya Transporte S.A.S.,4,12,6.0,127296000.0,51.833333333333336,50.0,2455871.0,33
67,Pacífico Comercio Group S.A.S.,2,48,6.0,124794000.0,83.0,12.5,1503542.0,12
58,Magdalena Salud Ltda.,2,54,6.0,97578000.0,115.66666666666667,11.1,843614.0,13
94,Tayrona Salud S.A.,2,12,6.0,79380000.0,53.5,50.0,1483738.0,14
47,Pacífico Transporte S.A.,3,48,0.0,70932000.0,51.166666666666664,0.0,1386293.0,27
108,Andina Salud S.A.S.,2,30,0.0,39882000.0,39.833333333333336,0.0,1001222.0,15
99,Horizonte Servicios & Cía.,1,24,0.0,36702000.0,114.5,0.0,320541.0,7
105,Farallones Comercio & Cía.,1,24,0.0,35022000.0,80.83333333333333,0.0,433262.0,8
23,Andina Comercio S.A.S.,1,18,0.0,21744000.0,131.66666666666666,0.0,165144.0,9
5,Farallones Transporte & Cía.,4,12,0.0,18624000.0,11.5,0.0,1619478.0,34
107,Sabana Comercio S.A.,1,24,0.0,16950000.0,196.5,0.0,86260.0,10
96,Pacífico Comercio S.A.S.,2,12,0.0,16626000.0,37.833333333333336,0.0,439454.0,16
38,Arrayán Servicios Ltda.,1,6,0.0,16248000.0,84.66666666666667,0.0,191906.0,11
64,Cordillera Comercio S.A.,1,12,0.0,13788000.0,106.83333333333333,0.0,129061.0,12
46,Sabana Manufactura & Cía.,3,12,0.0,13236000.0,23.5,0.0,563234.0,28
87,Magdalena Salud Group S.A.S.,2,6,0.0,12348000.0,40.833333333333336,0.0,302400.0,17
65,Guadua Comercio S.A.,1,12,0.0,11124000.0,49.666666666666664,0.0,223973.0,13
