fecha_corte,id_cliente,nombre,sector,clase_riesgo,casos_mes,casos_mes_anterior,var_casos_vs_mes_ant,var_pct_vs_mes_ant,casos_mes_ant_mismo_corte,var_casos_vs_mismo_corte,casos_graves_mes,trabajadores_activos,periodo_trabajadores,trabajadores_de_periodo_anterior,tasa_incidencia,tasa_proyectada_mes,actividades_prevencion_30d,participantes_prevencion_30d,clasificacion,fecha_proceso
2026-09-26,60,Farallones Servicios Group S.A.S.,Servicios profesionales,2,1.0,0.0,1.0,,0.0,1.0,1.0,12,2026-09-01,False,8.33,9.62,1,3.0,crítico,2026-09-27 13:27:05.443000-05:00
2026-09-26,76,Nogal Minería S.A.S.,Minería y energía,4,7.0,7.0,0.0,0.0,5.0,2.0,4.0,93,2026-09-01,False,7.53,8.68,0,0.0,crítico,2026-09-27 13:27:05.443000-05:00
2026-09-26,93,Farallones Construcción Ltda.,Construcción,5,6.0,2.0,4.0,200.0,2.0,4.0,2.0,92,2026-09-01,False,6.52,7.53,0,0.0,crítico,2026-09-27 13:27:05.443000-05:00
2026-09-26,61,Nogal Manufactura S.A.S.,Manufactura,4,12.0,9.0,3.0,33.3,7.0,5.0,3.0,257,2026-09-01,False,4.67,5.39,5,51.0,moderado,2026-09-27 13:27:05.443000-05:00
2026-09-26,14,Nogal Manufactura S.A.,Manufactura,5,5.0,4.0,1.0,25.0,4.0,1.0,1.0,110,2026-09-01,False,4.55,5.24,4,112.0,moderado,2026-09-27 13:27:05.443000-05:00
2026-09-26,51,Orinoco Construcción S.A.,Construcción,4,9.0,8.0,1.0,12.5,6.0,3.0,1.0,203,2026-09-01,False,4.43,5.12,1,7.0,moderado,2026-09-27 13:27:05.443000-05:00
2026-09-26,4,Zenú Manufactura S.A.,Manufactura,4,4.0,4.0,0.0,0.0,2.0,2.0,0.0,98,2026-09-01,False,4.08,4.71,5,136.0,moderado,2026-09-27 13:27:05.443000-05:00
2026-09-26,13,Horizonte Construcción Group S.A.S.,Construcción,4,22.0,24.0,-2.0,-8.3,21.0,1.0,8.0,641,2026-09-01,False,3.43,3.96,0,0.0,moderado,2026-09-27 13:27:05.443000-05:00
2026-09-26,68,Tequendama Transporte Ltda.,Transporte y logística,3,4.0,1.0,3.0,300.0,1.0,3.0,0.0,117,2026-09-01,False,3.42,3.94,0,0.0,moderado,2026-09-27 13:27:05.443000-05:00
2026-09-26,1,Horizonte Manufactura S.A.,Manufactura,4,6.0,0.0,6.0,,0.0,6.0,0.0,188,2026-09-01,False,3.19,3.68,2,34.0,moderado,2026-09-27 13:27:05.443000-05:00
2026-09-26,80,Pacífico Agroindustria Ltda.,Agroindustria,4,4.0,4.0,0.0,0.0,4.0,0.0,3.0,126,2026-09-01,False,3.17,3.66,1,3.0,moderado,2026-09-27 13:27:05.443000-05:00
2026-09-26,54,Tequendama Construcción Group S.A.S.,Construcción,4,31.0,32.0,-1.0,-3.1,28.0,3.0,12.0,984,2026-09-01,False,3.15,3.64,1,22.0,moderado,2026-09-27 13:27:05.443000-05:00
2026-09-26,42,Magdalena Construcción S.A.S.,Construcción,4,11.0,8.0,3.0,37.5,7.0,4.0,2.0,355,2026-09-01,False,3.1,3.58,2,45.0,moderado,2026-09-27 13:27:05.443000-05:00
2026-09-26,72,Nogal Agroindustria S.A.S.,Agroindustria,4,4.0,7.0,-3.0,-42.9,4.0,0.0,1.0,130,2026-09-01,False,3.08,3.55,0,0.0,moderado,2026-09-27 13:27:05.443000-05:00
2026-09-26,115,Tayrona Minería & Cía.,Minería y energía,4,3.0,5.0,-2.0,-40.0,5.0,-2.0,1.0,100,2026-09-01,False,3.0,3.46,1,35.0,moderado,2026-09-27 13:27:05.443000-05:00
2026-09-26,110,Orinoco Agroindustria S.A.,Agroindustria,3,19.0,26.0,-7.0,-26.9,23.0,-4.0,1.0,644,2026-09-01,False,2.95,3.4,0,0.0,moderado,2026-09-27 13:27:05.443000-05:00
2026-09-26,12,Samán Manufactura & Cía.,Manufactura,5,10.0,9.0,1.0,11.1,7.0,3.0,3.0,354,2026-09-01,False,2.82,3.26,0,0.0,moderado,2026-09-27 13:27:05.443000-05:00
2026-09-26,53,Orinoco Transporte Ltda.,Transporte y logística,3,3.0,1.0,2.0,200.0,0.0,3.0,2.0,108,2026-09-01,False,2.78,3.21,0,0.0,moderado,2026-09-27 13:27:05.443000-05:00
2026-09-26,104,Tayrona Manufactura S.A.,Manufactura,5,6.0,5.0,1.0,20.0,5.0,1.0,3.0,216,2026-09-01,False,2.78,3.21,3,55.0,moderado,2026-09-27 13:27:05.443000-05:00
2026-09-26,45,Andina Salud Ltda.,Salud,3,5.0,2.0,3.0,150.0,2.0,3.0,0.0,182,2026-09-01,False,2.75,3.17,1,37.0,moderado,2026-09-27 13:27:05.443000-05:00
2026-09-26,33,Farallones Manufactura Ltda.,Manufactura,4,3.0,1.0,2.0,200.0,1.0,2.0,1.0,117,2026-09-01,False,2.56,2.96,1,38.0,moderado,2026-09-27 13:27:05.443000-05:00
2026-09-26,108,Andina Salud S.A.S.,Salud,2,1.0,0.0,1.0,,0.0,1.0,0.0,39,2026-09-01,False,2.56,2.96,4,68.0,moderado,2026-09-27 13:27:05.443000-05:00
2026-09-26,57,Zenú Manufactura Ltda.,Manufactura,5,5.0,6.0,-1.0,-16.7,6.0,-1.0,2.0,209,2026-09-01,False,2.39,2.76,2,41.0,moderado,2026-09-27 13:27:05.443000-05:00
2026-09-26,113,Palmira Servicios & Cía.,Servicios profesionales,2,2.0,1.0,1.0,100.0,1.0,1.0,2.0,89,2026-09-01,False,2.25,2.59,5,137.0,moderado,2026-09-27 13:27:05.443000-05:00
2026-09-26,10,Caribe Manufactura S.A.S.,Manufactura,4,3.0,4.0,-1.0,-25.0,4.0,-1.0,0.0,138,2026-09-01,False,2.17,2.51,3,32.0,moderado,2026-09-27 13:27:05.443000-05:00
2026-09-26,97,Sabana Construcción Ltda.,Construcción,4,13.0,14.0,-1.0,-7.1,14.0,-1.0,3.0,598,2026-09-01,False,2.17,2.51,3,72.0,moderado,2026-09-27 13:27:05.443000-05:00
2026-09-26,11,Caribe Manufactura S.A.,Manufactura,5,6.0,3.0,3.0,100.0,2.0,4.0,4.0,279,2026-09-01,False,2.15,2.48,0,0.0,moderado,2026-09-27 13:27:05.443000-05:00
2026-09-26,22,Farallones Agroindustria S.A.,Agroindustria,3,7.0,13.0,-6.0,-46.2,10.0,-3.0,0.0,345,2026-09-01,False,2.03,2.34,0,0.0,moderado,2026-09-27 13:27:05.443000-05:00
2026-09-26,111,Andina Transporte S.A.,Transporte y logística,4,4.0,5.0,-1.0,-20.0,4.0,0.0,2.0,203,2026-09-01,False,1.97,2.27,3,99.0,bajo,2026-09-27 13:27:05.443000-05:00
2026-09-26,47,Pacífico Transporte S.A.,Transporte y logística,3,1.0,1.0,0.0,0.0,1.0,0.0,0.0,51,2026-09-01,False,1.96,2.26,5,103.0,bajo,2026-09-27 13:27:05.443000-05:00
2026-09-26,19,Palmira Agroindustria S.A.S.,Agroindustria,4,2.0,3.0,-1.0,-33.3,2.0,0.0,0.0,104,2026-09-01,False,1.92,2.22,1,44.0,bajo,2026-09-27 13:27:05.443000-05:00
2026-09-26,36,Palmira Construcción Group S.A.S.,Construcción,4,1.0,2.0,-1.0,-50.0,2.0,-1.0,1.0,53,2026-09-01,False,1.89,2.18,5,116.0,bajo,2026-09-27 13:27:05.443000-05:00
2026-09-26,94,Tayrona Salud S.A.,Salud,2,1.0,0.0,1.0,,0.0,1.0,0.0,53,2026-09-01,False,1.89,2.18,1,21.0,bajo,2026-09-27 13:27:05.443000-05:00
2026-09-26,55,Arrayán Manufactura Group S.A.S.,Manufactura,3,2.0,1.0,1.0,100.0,0.0,2.0,0.0,116,2026-09-01,False,1.72,1.99,1,32.0,bajo,2026-09-27 13:27:05.443000-05:00
2026-09-26,52,Nogal Salud S.A.,Salud,2,1.0,0.0,1.0,,0.0,1.0,0.0,65,2026-09-01,False,1.54,1.78,0,0.0,bajo,2026-09-27 13:27:05.443000-05:00
2026-09-26,77,Orinoco Agroindustria & Cía.,Agroindustria,3,1.0,2.0,-1.0,-50.0,2.0,-1.0,0.0,67,2026-09-01,False,1.49,1.72,3,87.0,bajo,2026-09-27 13:27:05.443000-05:00
2026-09-26,66,Palmira Manufactura Group S.A.S.,Manufactura,4,2.0,2.0,0.0,0.0,2.0,0.0,0.0,139,2026-09-01,False,1.44,1.66,1,23.0,bajo,2026-09-27 13:27:05.443000-05:00
2026-09-26,26,Tequendama Salud S.A.S.,Salud,2,4.0,1.0,3.0,300.0,1.0,3.0,0.0,282,2026-09-01,False,1.42,1.64,0,0.0,bajo,2026-09-27 13:27:05.443000-05:00
2026-09-26,21,Orinoco Manufactura & Cía.,Manufactura,3,8.0,14.0,-6.0,-42.9,12.0,-4.0,1.0,570,2026-09-01,False,1.4,1.62,0,0.0,bajo,2026-09-27 13:27:05.443000-05:00
2026-09-26,83,Andina Servicios Group S.A.S.,Servicios profesionales,2,2.0,5.0,-3.0,-60.0,4.0,-2.0,0.0,143,2026-09-01,False,1.4,1.61,1,38.0,bajo,2026-09-27 13:27:05.443000-05:00
2026-09-26,98,Pacífico Agroindustria S.A.,Agroindustria,4,1.0,2.0,-1.0,-50.0,2.0,-1.0,0.0,73,2026-09-01,False,1.37,1.58,1,34.0,bajo,2026-09-27 13:27:05.443000-05:00
2026-09-26,79,Orinoco Salud & Cía.,Salud,3,1.0,1.0,0.0,0.0,1.0,0.0,0.0,74,2026-09-01,False,1.35,1.56,0,0.0,bajo,2026-09-27 13:27:05.443000-05:00
2026-09-26,105,Farallones Comercio & Cía.,Comercio,1,1.0,0.0,1.0,,0.0,1.0,0.0,80,2026-09-01,False,1.25,1.44,0,0.0,bajo,2026-09-27 13:27:05.443000-05:00
2026-09-26,85,Nogal Transporte S.A.S.,Transporte y logística,3,1.0,0.0,1.0,,0.0,1.0,0.0,81,2026-09-01,False,1.23,1.42,2,37.0,bajo,2026-09-27 13:27:05.443000-05:00
2026-09-26,63,Palmira Manufactura S.A.S.,Manufactura,4,2.0,0.0,2.0,,0.0,2.0,0.0,166,2026-09-01,False,1.2,1.39,1,24.0,bajo,2026-09-27 13:27:05.443000-05:00
2026-09-26,62,Orinoco Construcción & Cía.,Construcción,4,3.0,3.0,0.0,0.0,2.0,1.0,2.0,292,2026-09-01,False,1.03,1.19,2,52.0,bajo,2026-09-27 13:27:05.443000-05:00
2026-09-26,64,Cordillera Comercio S.A.,Comercio,1,1.0,0.0,1.0,,0.0,1.0,0.0,98,2026-09-01,False,1.02,1.18,1,29.0,bajo,2026-09-27 13:27:05.443000-05:00
2026-09-26,91,Arrayán Transporte S.A.,Transporte y logística,3,2.0,3.0,-1.0,-33.3,3.0,-1.0,1.0,205,2026-09-01,False,0.98,1.13,1,22.0,bajo,2026-09-27 13:27:05.443000-05:00
2026-09-26,112,Tayrona Transporte S.A.,Transporte y logística,4,3.0,9.0,-6.0,-66.7,8.0,-5.0,1.0,323,2026-09-01,False,0.93,1.07,2,41.0,bajo,2026-09-27 13:27:05.443000-05:00
2026-09-26,99,Horizonte Servicios & Cía.,Servicios profesionales,1,1.0,0.0,1.0,,0.0,1.0,0.0,112,2026-09-01,False,0.89,1.03,1,16.0,bajo,2026-09-27 13:27:05.443000-05:00
2026-09-26,27,Orinoco Minería & Cía.,Minería y energía,4,4.0,4.0,0.0,0.0,2.0,2.0,0.0,452,2026-09-01,False,0.88,1.02,1,27.0,bajo,2026-09-27 13:27:05.443000-05:00
2026-09-26,84,Horizonte Transporte Ltda.,Transporte y logística,4,2.0,2.0,0.0,0.0,2.0,0.0,0.0,237,2026-09-01,False,0.84,0.97,2,46.0,bajo,2026-09-27 13:27:05.443000-05:00
2026-09-26,56,Samán Construcción S.A.S.,Construcción,4,3.0,3.0,0.0,0.0,3.0,0.0,1.0,386,2026-09-01,False,0.78,0.9,1,32.0,bajo,2026-09-27 13:27:05.443000-05:00
2026-09-26,23,Andina Comercio S.A.S.,Comercio,1,1.0,0.0,1.0,,0.0,1.0,0.0,131,2026-09-01,False,0.76,0.88,2,53.0,bajo,2026-09-27 13:27:05.443000-05:00
2026-09-26,39,Farallones Salud Ltda.,Salud,2,2.0,4.0,-2.0,-50.0,4.0,-2.0,0.0,264,2026-09-01,False,0.76,0.87,2,58.0,bajo,2026-09-27 13:27:05.443000-05:00
2026-09-26,95,Horizonte Minería & Cía.,Minería y energía,5,2.0,4.0,-2.0,-50.0,2.0,0.0,0.0,295,2026-09-01,False,0.68,0.78,1,3.0,bajo,2026-09-27 13:27:05.443000-05:00
2026-09-26,35,Zenú Construcción Ltda.,Construcción,4,1.0,3.0,-2.0,-66.7,3.0,-2.0,0.0,152,2026-09-01,False,0.66,0.76,3,99.0,bajo,2026-09-27 13:27:05.443000-05:00
2026-09-26,40,Tayrona Comercio Ltda.,Comercio,2,3.0,4.0,-1.0,-25.0,2.0,1.0,0.0,464,2026-09-01,False,0.65,0.75,3,39.0,bajo,2026-09-27 13:27:05.443000-05:00
2026-09-26,73,Ceiba Transporte S.A.S.,Transporte y logística,3,1.0,3.0,-2.0,-66.7,3.0,-2.0,1.0,162,2026-09-01,False,0.62,0.71,3,66.0,bajo,2026-09-27 13:27:05.443000-05:00
2026-09-26,90,Palmira Salud Group S.A.S.,Salud,3,5.0,10.0,-5.0,-50.0,10.0,-5.0,0.0,838,2026-09-01,False,0.6,0.69,2,29.0,bajo,2026-09-27 13:27:05.443000-05:00
2026-09-26,30,Samán Comercio Ltda.,Comercio,1,2.0,0.0,2.0,,0.0,2.0,0.0,354,2026-09-01,False,0.56,0.65,1,12.0,bajo,2026-09-27 13:27:05.443000-05:00
2026-09-26,120,Ceiba Servicios Ltda.,Servicios profesionales,1,1.0,2.0,-1.0,-50.0,2.0,-1.0,0.0,1037,2026-09-01,False,0.1,0.11,1,5.0,bajo,2026-09-27 13:27:05.443000-05:00
2026-09-26,3,Sabana Comercio & Cía.,Comercio,2,0.0,0.0,0.0,,0.0,0.0,0.0,40,2026-09-01,False,0.0,0.0,0,0.0,bajo,2026-09-27 13:27:05.443000-05:00
2026-09-26,5,Farallones Transporte & Cía.,Transporte y logística,4,0.0,0.0,0.0,,0.0,0.0,0.0,11,2026-09-01,False,0.0,0.0,1,13.0,bajo,2026-09-27 13:27:05.443000-05:00
2026-09-26,6,Tayrona Comercio S.A.S.,Comercio,1,0.0,2.0,-2.0,-100.0,1.0,-1.0,0.0,129,2026-09-01,False,0.0,0.0,2,73.0,bajo,2026-09-27 13:27:05.443000-05:00
2026-09-26,7,Altamira Comercio & Cía.,Comercio,1,0.0,0.0,0.0,,0.0,0.0,0.0,56,2026-09-01,False,0.0,0.0,2,45.0,bajo,2026-09-27 13:27:05.443000-05:00
2026-09-26,9,Andina Manufactura Ltda.,Manufactura,4,0.0,2.0,-2.0,-100.0,2.0,-2.0,0.0,65,2026-09-01,False,0.0,0.0,1,24.0,bajo,2026-09-27 13:27:05.443000-05:00
2026-09-26,16,Andina Transporte Ltda.,Transporte y logística,3,0.0,1.0,-1.0,-100.0,1.0,-1.0,0.0,90,2026-09-01,False,0.0,0.0,3,71.0,bajo,2026-09-27 13:27:05.443000-05:00
2026-09-26,17,Palmira Manufactura S.A.,Manufactura,3,0.0,2.0,-2.0,-100.0,1.0,-1.0,0.0,58,2026-09-01,False,0.0,0.0,0,0.0,bajo,2026-09-27 13:27:05.443000-05:00
2026-09-26,18,Ceiba Agroindustria Ltda.,Agroindustria,4,0.0,1.0,-1.0,-100.0,0.0,0.0,0.0,172,2026-09-01,False,0.0,0.0,0,0.0,bajo,2026-09-27 13:27:05.443000-05:00
2026-09-26,24,Guadua Manufactura S.A.,Manufactura,5,0.0,0.0,0.0,,0.0,0.0,0.0,24,2026-09-01,False,0.0,0.0,4,79.0,bajo,2026-09-27 13:27:05.443000-05:00
2026-09-26,28,Sabana Agroindustria Ltda.,Agroindustria,3,0.0,1.0,-1.0,-100.0,1.0,-1.0,0.0,80,2026-09-01,False,0.0,0.0,2,31.0,bajo,2026-09-27 13:27:05.443000-05:00
2026-09-26,29,Horizonte Servicios Group S.A.S.,Servicios profesionales,1,0.0,1.0,-1.0,-100.0,1.0,-1.0,0.0,178,2026-09-01,False,0.0,0.0,0,0.0,bajo,2026-09-27 13:27:05.443000-05:00
2026-09-26,31,Guadua Salud Group S.A.S.,Salud,3,0.0,0.0,0.0,,0.0,0.0,0.0,100,2026-09-01,False,0.0,0.0,3,67.0,bajo,2026-09-27 13:27:05.443000-05:00
2026-09-26,32,Guadua Servicios & Cía.,Servicios profesionales,2,0.0,0.0,0.0,,0.0,0.0,0.0,76,2026-09-01,False,0.0,0.0,3,90.0,bajo,2026-09-27 13:27:05.443000-05:00
2026-09-26,34,Cordillera Transporte Ltda.,Transporte y logística,3,0.0,1.0,-1.0,-100.0,1.0,-1.0,0.0,99,2026-09-01,False,0.0,0.0,0,0.0,bajo,2026-09-27 13:27:05.443000-05:00
2026-09-26,38,Arrayán Servicios Ltda.,Servicios profesionales,1,0.0,0.0,0.0,,0.0,0.0,0.0,83,2026-09-01,False,0.0,0.0,1,18.0,bajo,2026-09-27 13:27:05.443000-05:00
2026-09-26,43,Guadua Comercio & Cía.,Comercio,2,0.0,1.0,-1.0,-100.0,1.0,-1.0,0.0,91,2026-09-01,False,0.0,0.0,3,50.0,bajo,2026-09-27 13:27:05.443000-05:00
2026-09-26,44,Altamira Manufactura S.A.S.,Manufactura,3,0.0,0.0,0.0,,0.0,0.0,0.0,73,2026-09-01,False,0.0,0.0,6,134.0,bajo,2026-09-27 13:27:05.443000-05:00
2026-09-26,46,Sabana Manufactura & Cía.,Manufactura,3,0.0,0.0,0.0,,0.0,0.0,0.0,23,2026-09-01,False,0.0,0.0,3,67.0,bajo,2026-09-27 13:27:05.443000-05:00
2026-09-26,48,Samán Minería S.A.S.,Minería y energía,5,0.0,1.0,-1.0,-100.0,1.0,-1.0,0.0,76,2026-09-01,False,0.0,0.0,3,47.0,bajo,2026-09-27 13:27:05.443000-05:00
2026-09-26,50,Arrayán Comercio S.A.,Comercio,2,0.0,0.0,0.0,,0.0,0.0,0.0,38,2026-09-01,False,0.0,0.0,5,119.0,bajo,2026-09-27 13:27:05.443000-05:00
2026-09-26,58,Magdalena Salud Ltda.,Salud,2,0.0,2.0,-2.0,-100.0,2.0,-2.0,0.0,109,2026-09-01,False,0.0,0.0,2,64.0,bajo,2026-09-27 13:27:05.443000-05:00
2026-09-26,59,Horizonte Transporte & Cía.,Transporte y logística,3,0.0,2.0,-2.0,-100.0,2.0,-2.0,0.0,125,2026-09-01,False,0.0,0.0,5,81.0,bajo,2026-09-27 13:27:05.443000-05:00
2026-09-26,65,Guadua Comercio S.A.,Comercio,1,0.0,0.0,0.0,,0.0,0.0,0.0,50,2026-09-01,False,0.0,0.0,4,89.0,bajo,2026-09-27 13:27:05.443000-05:00
2026-09-26,67,Pacífico Comercio Group S.A.S.,Comercio,2,0.0,0.0,0.0,,0.0,0.0,0.0,80,2026-09-01,False,0.0,0.0,2,61.0,bajo,2026-09-27 13:27:05.443000-05:00
2026-09-26,69,Palmira Transporte Group S.A.S.,Transporte y logística,3,0.0,0.0,0.0,,0.0,0.0,0.0,119,2026-09-01,False,0.0,0.0,4,104.0,bajo,2026-09-27 13:27:05.443000-05:00
2026-09-26,71,Caribe Servicios & Cía.,Servicios profesionales,1,0.0,1.0,-1.0,-100.0,1.0,-1.0,0.0,399,2026-09-01,False,0.0,0.0,5,103.0,bajo,2026-09-27 13:27:05.443000-05:00
2026-09-26,75,Arrayán Construcción & Cía.,Construcción,5,0.0,1.0,-1.0,-100.0,1.0,-1.0,0.0,45,2026-09-01,False,0.0,0.0,1,26.0,bajo,2026-09-27 13:27:05.443000-05:00
2026-09-26,81,Farallones Construcción Group S.A.S.,Construcción,5,0.0,1.0,-1.0,-100.0,1.0,-1.0,0.0,91,2026-09-01,False,0.0,0.0,3,75.0,bajo,2026-09-27 13:27:05.443000-05:00
2026-09-26,82,Andina Agroindustria & Cía.,Agroindustria,3,0.0,3.0,-3.0,-100.0,3.0,-3.0,0.0,210,2026-09-01,False,0.0,0.0,4,105.0,bajo,2026-09-27 13:27:05.443000-05:00
2026-09-26,86,Altamira Construcción S.A.S.,Construcción,4,0.0,1.0,-1.0,-100.0,1.0,-1.0,0.0,44,2026-09-01,False,0.0,0.0,2,42.0,bajo,2026-09-27 13:27:05.443000-05:00
2026-09-26,87,Magdalena Salud Group S.A.S.,Salud,2,0.0,0.0,0.0,,0.0,0.0,0.0,40,2026-09-01,False,0.0,0.0,2,39.0,bajo,2026-09-27 13:27:05.443000-05:00
2026-09-26,89,Guadua Transporte S.A.S.,Transporte y logística,3,0.0,0.0,0.0,,0.0,0.0,0.0,78,2026-09-01,False,0.0,0.0,1,7.0,bajo,2026-09-27 13:27:05.443000-05:00
2026-09-26,96,Pacífico Comercio S.A.S.,Comercio,2,0.0,1.0,-1.0,-100.0,0.0,0.0,0.0,38,2026-09-01,False,0.0,0.0,2,37.0,bajo,2026-09-27 13:27:05.443000-05:00
2026-09-26,101,Quimbaya Construcción & Cía.,Construcción,5,0.0,1.0,-1.0,-100.0,1.0,-1.0,0.0,58,2026-09-01,False,0.0,0.0,4,86.0,bajo,2026-09-27 13:27:05.443000-05:00
2026-09-26,102,Sabana Servicios S.A.,Servicios profesionales,2,0.0,0.0,0.0,,0.0,0.0,0.0,101,2026-09-01,False,0.0,0.0,1,35.0,bajo,2026-09-27 13:27:05.443000-05:00
2026-09-26,103,Palmira Transporte Ltda.,Transporte y logística,4,0.0,0.0,0.0,,0.0,0.0,0.0,48,2026-09-01,False,0.0,0.0,6,123.0,bajo,2026-09-27 13:27:05.443000-05:00
2026-09-26,106,Palmira Salud Ltda.,Salud,3,0.0,0.0,0.0,,0.0,0.0,0.0,51,2026-09-01,False,0.0,0.0,1,38.0,bajo,2026-09-27 13:27:05.443000-05:00
2026-09-26,107,Sabana Comercio S.A.,Comercio,1,0.0,1.0,-1.0,-100.0,0.0,0.0,0.0,193,2026-09-01,False,0.0,0.0,2,48.0,bajo,2026-09-27 13:27:05.443000-05:00
2026-09-26,109,Tequendama Agroindustria Group S.A.S.,Agroindustria,3,0.0,1.0,-1.0,-100.0,1.0,-1.0,0.0,190,2026-09-01,False,0.0,0.0,3,71.0,bajo,2026-09-27 13:27:05.443000-05:00
2026-09-26,114,Samán Transporte Group S.A.S.,Transporte y logística,3,0.0,0.0,0.0,,0.0,0.0,0.0,36,2026-09-01,False,0.0,0.0,4,104.0,bajo,2026-09-27 13:27:05.443000-05:00
2026-09-26,116,Ceiba Agroindustria Group S.A.S.,Agroindustria,4,0.0,0.0,0.0,,0.0,0.0,0.0,68,2026-09-01,False,0.0,0.0,2,63.0,bajo,2026-09-27 13:27:05.443000-05:00
2026-09-26,117,Altamira Servicios & Cía.,Servicios profesionales,1,0.0,1.0,-1.0,-100.0,1.0,-1.0,0.0,511,2026-09-01,False,0.0,0.0,0,0.0,bajo,2026-09-27 13:27:05.443000-05:00
2026-09-26,118,Quimbaya Transporte S.A.S.,Transporte y logística,4,0.0,0.0,0.0,,0.0,0.0,0.0,53,2026-09-01,False,0.0,0.0,3,66.0,bajo,2026-09-27 13:27:05.443000-05:00
2026-09-26,119,Farallones Manufactura & Cía.,Manufactura,4,0.0,0.0,0.0,,0.0,0.0,0.0,26,2026-09-01,False,0.0,0.0,3,69.0,bajo,2026-09-27 13:27:05.443000-05:00
