id_cliente,periodo,trabajadores_activos,valor_contrato
39,01/08/2026,77,3882000
514,2026-08-01,140,17581000
22,2026-09-01,61,5220000
334,2026-08-01,12,1084000
265,sep-2026,93,11762000
51,2026-09-01,87,-5400000
455,2026/08,10,844000
C343,2026-08-01,165,15727000
389,01/09/2026,10,779000
227,2026-09-01,85,10546000
32,01/09/2026,109,5778000
474,2026-09-01,129,10222000
176,202608,765,
262.0,2026-08-01,33,2267000
454,2026-09-01,34,2765000
337,2026-08-01,130,15311000
200,2026-08-01,111,5802000
413,01/09/2026,17,982000
181,2026-09-01,8,951000
397,2026-09-01,66,3665000
467,2026-09-01,174,15709000
257,2026-09-01,125,14961000
316,2026-09-01,32,4076000
422,2026-09-01,146,8260000
573,2026-09-01,227,17967000
297,2026-09-01,102,11737000
128,2026-08-01,241,15596000
41,2026-09-01,55,5126000
264,2026-08-01,156,19619000
155,2026-08-01,28,2354000
184,2026-09-01,72,3656000
483,2026-08-01,73,5666000
347,2026-09-01,125,10841000
383,202609,33,3529000
530,2026-08-01,0,4004000
429,2026-09-01,24,1946000
340,2026-09-01,215,11302000
504,202609,371,41896000
407,2026-08-01,43,3545000
00311,2026-09-01,60,2792000
309,2026-09-01,85,5942000
97,2026-08-01,191,22377000
218,2026-09-01,439,29963000
133,2026-09-01,21,901000
524,2026-09-01,53,3678000
40,31/02/2026,87,9280000
215,2026-08-01,131,6325000
220,2026-09-01,64,4733000
152,2026-09-01,N/D,15352000
138,2026-09-01,63,2861000
22.0,2026-08-01,61,6721000
288,2026-09-01,33,2854000
26,2026-02-01,129,16285000
499,2026-08-15,67,8256000
265,2026-08-01,91,6334000
190,sin periodo,144,6603300
598,2026-09-01,0,2003000
177,2026-08-01,190,24221000
-15,2026-08-01,-13,4413000
425,2026-08-15,261,20281000
12,2026-09-15,51,3232000
106,2026-08-01,191,21193000
191,2026-09-01,-16,17342000
492,2026/09,19,2015000
326,2026-08-01,156,19140000
203,2026-09-01,93,7943000
180,2026-08-01,215,10445000
564.0,2026-09-01,53,4756000
30,2026-08-01,96,7573000
cli_400,08-2026,49,3191000
100,2026-08-01,41,5397000
290,sep-2026,80,9355000
280,2026-12-01,23,1719000
380,2026-09-01,42,2291000
25,2026-09-01,16,2405000
88,08-2026,,10891000
424,2026-09-01,770,63726000
189,2026-09-15,32,1713000
99,2026-08-01,294,19442000
116,2026-09-01,67,6496000
561,2026-02-01,62,2672000
206,2026-09-01,218,13823000
384,2026-09-01,50,4186000
312,202608,23,2490000
473,202609,139,16062000
121,2026-08-01,35,-2485000
C433,2026-08-01,29,3194000
00176,202608,765,
275,2026-09-15,137,14808000
208,2026-09-01,286,36753000
360,2026-08-01,167,14843000
00411,2026-08-01,64,4074000
494,2026/09,49,3034000
591,2026-08-01,10,624000
486,2026-09-01,94,11181000
367,2026-08-01,20,1715000
cli_420,2026-09-01,23,2126000
402,01/08/2026,0,5208000
538,2026-06-01,141,16561000
240,01/08/2026,95,12067000
23,2026-08-01,62,3169000
490,2026-09-01,15,1021000
139,2026-09-01,20,1948000
CLI-0015,2026-09-01,58,2918000
16,2026-09-01,41,4463000
369,2026-09-01,125,12076000
538,2026-09-01,138,9836200
213,2026-09-01,31,3691000
00085,2026-08-01,173,9059000
44,2026/08,47,2158000
148,2026/08,146,13798000
214,2026-09-01,92,9734000
cli_374,2026-08-01,47,3600000
78,2026-09-01,17,NULL
111,2026-08-01,37,4156000
62,2026-09-01,0,51541000
00110,2026-08-01,94,5235000
220,2026-08-01,64,3693000
158,2026-08-15,176,14400100
105,2026-09-01,64,2551000
117,2026-09-01,243,18709000
526,202608,213,26427000
358.0,2026-09-01,79,4657000
65,2026-08-01,31,1648000
N/D,2026-08-01,68,8426000
458,2026-08-01,17,1461000
466,2026-09-01,198,23702000
36,08-2026,543,67427000
501,2026-09-01,108,8579000
57,2026-09-01,73,3616000
149,ago-2026,111,10965000
387.0,2026-09-01,12,1732000
547,2027-01-01,86,11624800
353,2026-09-01,108,10861000
CLI-0054,2026-09-15,207,10483000
557,2026-09-01,170,10883000
500,2026-09-01,68,3098000
328,01/08/2026,389,16362000
581,2026-08-01,170,15304000
105,01/08/2026,62,2725000
504,2026-08-01,370,27998000
569,2026/09,38,4046000
331,ago-2026,186,N/D
551,2026-11-01,1132,141685000
559,2026-09-01,73,8101000
303,sep-2026,130,13218000
-15,2026-08-01,218,12747000
213,2026-08-01,,3286000
234,2026-11-01,70,8481000
254,2026-08-01,161,19011000
239,2026-09-01,489,38685000
143,2026-09-01,127,14819000
 121 ,2026-08-01,35,-2485000
28,2026-08-01,38,3079000
271,2026-09-01,76,6000000
370,2026-02-01,119,14002000
29.0,2026-08-01,135,7436000
55,2026-09-01,138,11672000
00336,2026-09-01,62,7501000
315,2026-08-01,50,5966000
150,2026-08-01,302,32450000
cli_516,2026-08-01,11,702000
481,2026-09-01,36,3538000
336,2026-08-01,62,7249000
130,N/D,17,807000
299,2026-08-01,20,2060000
173,2026-08-01,0,-5750000
378,2026-08-01,26,1387000
414,2026-05-01,93,5486000
CLI-0146,2026-08-01,87,8129000
560,2026-08-01,96,12315000
cli_515,09-2026,87,5473000
557,2026-08-01,175,12663000
260,2026-09-15,65,4441000
395,2026-08-01,72,6489000
256,01/09/2026,339,28529600
371,2026-09-01,,5113000
438,2026-00,34,4427000
540,01/09/2026,41,2307000
489,2026-08-01,68,3132000
407,2026-09-01,49,3510000
86,2026-13-01,55,6184000
144,2026-08-01,83,7706000
491,2026-08-01,NULL,3880000
292,2026-09-15,285,24503000
573,2026-08-01,225,19826000
460,2026-08-01,67,7369000
470,2026-09-01,,11981000
404,2026-09-01,80,5895000
281,2026-09-01,-17,11636000
584,sep-2026,54,6659000
510,2026-08-01,133,9345000
441,2026-09-01,39,3678000
155,sep-2026,30,3604000
183,2026-09-01,232,15520000
307,2026-09-01,523,31116000
205,2026-09-01,143,N/D
6,2026-08-01,77,9680000
74,2026-02-01,210,23222000
308,2026-08-01,33,2654000
582,2025-12-01,131,8834000
445,2026/08,143,14448000
165,01/08/2026,65,8146000
172,N/D,22,1685000
124,2026-09-01,234,16955000
545,2026-09-01,1026,46474000
233.0,2026-08-01,75,9730000
318,2026-08-01,148,7394000
433,2026-09-01,29,1801000
164,2026-06-01,385,35668000
145,2026-09-01,29,1434000
408,08-2026,108,11731000
335.0,2026-08-01,11,704000
287,2026-08-01,99,-5166000
475,2026-08-01,320,38520000
68,2026-09-01,68,NULL
174,N/D,59,5217000
540,2026-08-01,43,3665000
170,2026/08,400,25790600
188,08-2026,38,2721000
211,2026-08-01,60,3314000
192,08-2026,218,20579000
102,2026-09-01,133,14946800
80,08-2026,-4,8083000
71,2026-08-01,1131,103569000
293,2026-08-01,92,6580000
N/D,2026-09-01,186,22637000
539,2026-09-01,108,9290000
437,2026-09-01,52,2793000
546,01/09/2026,40,3272000
355,ago-2026,94,4556000
154,2026-08-01,466,32958000
33.0,01/09/2026,336,41292000
446,2026-08-01,56,3588000
383,ago-2026,28,2491000
277,2026-08-01,107,10535000
248,2026-08-01,101,N/D
123,202608,70,4724000
391,2026-08-01,156,14217000
49,2026-08-01,427,23801000
93,2026-08-01,116,7786000
595,2026-08-01,14,1310000
273,2026-09-01,133,15202000
82,2026-09-01,-3,12462000
240,sep-2026,93,8005000
198,2026-08-01,124,5089000
111,2026-09-01,38,5129000
216,2026-08-01,48,2204000
17,,104,9394000
79,2026-08-01,197,14460000
189,2026-08-01,32,3329000
311,2026/08,59,7049000
122,2027-01-01,244,25073000
258,2026-08-01,186,-13313000
484,2026-08-01,57,7399000
100,2026-09-01,43,4854000
136,2026/08,300,24022000
284,2026-09-01,142,16429000
247,2026-09-01,679,39994000
244,2026-08-01,66,8383000
366,2026-08-01,178,10016000
589,2026-09-01,672,46651000
149,2026-09-01,114,14505000
579,2026-09-01,55,4065000
295,2026-08-01,61,7187000
521,2026-09-01,143,6091000
308,sep-2026,0,1899000
287,2026-09-15,93,8452000
C6,2026-09-01,75,9149000
456,01/08/2026,244,13732000
90,ago-2026,11,711000
477,2026/09,198,18508000
477,08-2026,199,-20731000
322,2026-06-01,118,8392000
186,2026-09-01,22,2546000
425,202609,260,31244000
45,2026-08-01,26,3006000
331,N/D,187,20741000
166,2026-09-01,150,17013000
463,202609,105,13429000
305,2026/09,123,10287000
486,2026-08-01,95,11713000
12-A,2026-08-01,182,13853000
597,2026-08-01,159,17352000
495,2026-09-01,32,1530100
134,2026-08-15,185,10017000
30,2026-09-01,98,9260000
300,2026-09-01,0,42834000
387,2026-08-01,17,1522000
362,2026-08-01,277,13483000
494,2026-08-01,49,5923000
246,2026-08-15,31,2195000
522,2026-09-01,26,3110000
241,2026-09-01,394,23243000
167,2026-08-01,572,43804000
157,2026-08-01,281,31748000
361,2026-09-15,144,16724000
356,2026-09-01,42,1683000
534,202608,0,1858000
42,2026-09-01,613,41879000
65,2026-09-01,NULL,3541000
452,2026-09-01,61,5011000
270,2026-08-01,0,18694000
500,2026-08-15,-40,7131000
339,01/08/2026,51,5167000
131,2026-08-01,48,3424000
293,2026-09-01,90,5375000
300,2026-08-01,455,20225000
499.0,2026-08-15,67,8256000
306,2026-08-01,224,10069000
70,2026-08-01,92,3952000
147,NULL,201,8531000
513,2026-08-01,105,4961000
71,2026-09-01,1131,87766000
426,2026-09-01,118,14871000
cli_232,2026-08-15,140,10548000
224,2026-09-01,26,1647000
70,2026-09-01,92,5070000
323,2026-08-01,86,4725000
466,2026-08-01,193,25088000
113,2025-12-01,79,4391000
243,2026-09-01,200,15132000
138,2026-08-01,N/D,7907000
162,2026-09-01,115,8678000
167,2026-09-01,570,29871000
231,2026-09-01,69,7113000
585,2026-08-01,7,549000
315,01/09/2026,54,2933000
594,2026-09-01,228,24959000
382,2026-08-01,32,2832000
339,2026-09-01,53,2355000
485,2026-09-01,151,19354000
-15,ago-2026,22,2306000
272,2026-09-01,339,21363000
558,2026-09-01,103,10125000
588,2026-08-01,143,8918000
410,2026-08-01,303,34052000
267,2026-04-01,90,11057000
cli_556,2026-09-01,79,7068000
161,2026-09-01,52,2061000
181,2026-09-01,8,1046100
521,2026-08-01,0,9917000
467,2026-08-01,179,12122000
182,2026-09-01,242,18278000
20,2026-09-01,-30,11276000
16,2026-08-01,42,3726000
122,2026-08-01,240,22093000
422,2026-08-01,144,12626000
69,2026-08-01,225,15302000
156,2026-08-01,110,8552000
525,2026-09-01,115,6441000
,2026-09-15,19,NULL
178,2026-09-01,58,2950000
556,2026-08-01,82,5852000
563,2026-09-01,38,3864300
cli_222,2026-08-15,12,929000
2,01/09/2026,18,1661000
56,2026-09-01,-39,17992000
331,ago-2026,186,N/D
543,2026-09-01,40,2378000
CLI-0353,2026-08-01,108,13384000
455,2026-09-01,13,821000
519,2026-09-01,116,12227000
268,2026/08,164,14687000
158,2026-08-15,176,13091000
531,2026-08-01,84,5602000
160,01/09/2026,45,1909000
359,2026-08-01,66,3062000
cli_215,2026-09-01,128,15534000
3,2026-09-01,88,10860000
51,2026-08-01,89,3672000
351,2026/08,213,27228000
281,2026-08-01,89,8887000
299,2026-09-01,23,2635000
440,2026-09-01,52,2545000
00161,2026-09-01,52,2061000
583,2026-09-01,253,29491000
561,01/09/2026,61,4639000
191,2026-08-01,183,9042000
114,2026-01-01,58,-6081000
226,2026-09-01,13,1064000
290,ago-2026,79,9633000
CLI-0600,2026-08-01,63,5450000
448,2026-09-01,242,22973000
C34,2026-08-01,63,5870000
34,01/09/2026,62,2649000
196,2026-08-01,37,4365000
106,2026-09-01,190,11618000
7,2026-08-01,63,5002000
C427,2026-08-01,103,11041000
356,2026-08-01,37,3709000
150,2025-12-01,299,36269000
252,2026-09-01,-22,7781000
 468 ,2026-08-01,149,14692000
600,2026-09-01,65,3228000
568,2026-08-01,40,4677000
342,2026-08-01,112,14558000
598,2026-08-01,28,2701000
212,2026-08-01,59,6804000
291,NULL,73,5361000
542,2026-09-01,101,12454000
589,2026-08-01,671,54836000
207,2026-09-01,42,4241000
531,2026-09-01,82,8992000
545,2026-08-01,1025,107621000
137,01/09/2026,335,27386000
 453 ,2026-08-01,248,20729000
182,2026-08-01,242,12261000
119,2026-09-01,236,23017000
577,2026-09-01,127,6139000
249,2026-09-01,24,2112000
2,2026-08-01,15,1628000
4,2026-08-01,94,7591000
388,ago-2026,294,34587000
156,01/09/2026,114,12369000
541,202608,656,50570000
212,2026-09-01,56,7084000
296,2026-08-01,216,21147000
520,202609,44,4116000
514,202609,138,-8735000
108,2026-09-01,108,4667000
361,2026-08-01,142,13575000
14,2026-09-01,117,12791000
C231,2026-08-01,64,6203000
277,2026-09-01,109,13636000
450,2026-09-01,48,3917000
537,2026-01-01,124,8111000
269,2026-13-01,100,6074000
268,01/09/2026,164,13874000
406,2026-09-01,59,5770000
-15,sep-2026,61,4780000
178,2026-08-01,60,5436000
552,01/08/2026,42,3176000
537,2026-08-01,129,10203000
 129 ,2026-08-01,70,7265000
146,2026-09-01,87,4702000
13,2026-09-01,194,8011000
169,2026/08,N/D,8811000
354,2026-09-01,6,435000
24,2026-09-01,162,15766000
00160,2026-04-01,45,4819000
 54 ,2026/08,202,10618000
444,2026-09-01,41,2673000
28,sep-2026,41,2212000
393,2026/09,-49,2282000
00107,2026-09-01,8,1359000
61,2026/08,12,-1229000
448,08-2026,241,23224000
528,202608,92,6963000
457,2026-06-01,21,1578000
37,2026-08-01,15,908000
206,2026-08-01,218,26103000
495,2026-09-01,32,1391000
469,2026-08-01,342,23719000
296,2026-09-01,211,17203000
217,2026-08-01,470,60221000
00335,2026-09-01,10,660000
498,2026-08-01,108,8739000
435,2026-06-01,104,8451000
00507,2026-09-01,130,11954000
310,2026-08-01,40,2553000
386,2026-09-01,98,6794000
316,2026-08-01,31,2702000
163,2026-09-01,63,7239000
284,2026-08-01,145,15855000
359,2026-08-01,66,3368200
C159,2026/08,38,3647000
341,08-2026,175,8525000
461,2026-09-01,138,16074000
233,2026-12-01,76,3967000
292,2026-08-01,288,30913000
cli_378,2026-09-01,22,1589000
538,2026-09-01,138,8942000
278,ago-2026,328,17141000
302,08-2026,20,1568000
 31 ,2026-08-01,377,18088000
217,2026-09-01,467,34753000
399,2026-08-01,101,11557000
47,2026-08-01,61,3007000
519,2026-08-01,117,8354000
242,202608,86,4209000
C176,2026-09-01,768,84898000
98,2026-08-01,14,1424000
141,2026/08,112,11236000
402,2026-09-01,90,3554000
276,2026-09-01,32,1892000
CLI-0180,2026-09-01,215,
C425,202609,260,31244000
483,2026-11-01,68,5408000
464,2026-08-01,138,
423,2026-08-01,127,13331000
334,2026/09,15,1180000
275,2026-08-15,132,7081000
518,2026-08-01,176,9799000
92,ago-2026,189,22600000
354,2026-08-01,0,449000
262,2026-09-01,32,1837000
56,2026-08-01,145,9604000
186,2026-08-01,21,-2426000
230,2026-08-01,41,2305000
120,2026-09-15,118,11061000
451,2026-09-01,28,3206000
cli_351,09-2026,215,24664000
00326,2026-09-01,150,11525000
103,2026/08,102,12194000
524,2026/08,51,6726000
CLI-0529,2026-09-01,11,507000
C131,2026-09-01,44,5934000
412,2026-09-01,99,5781000
357,2026-09-01,134,8117000
236,sep-2026,220,15378000
170,09-2026,400,16761000
319,2026-08-01,37,2764000
404,2026-08-01,80,3745000
575,2026-08-01,98,7241000
92,2026-09-01,186,20313000
69,202609,222,19046000
348,2026-09-01,57,4563000
41,202608,60,2472000
506,2026-09-01,106,5246000
264,2026-09-01,157,14805000
505,2026-09-15,92,3861000
83,2026-09-01,217,25725000
125,01/08/2026,112,13175000
154,2026-09-01,465,23682000
,2026-09-01,130,-15571000
267,2026-08-01,92,7116000
168,2026-08-01,154,N/D
49,2026-09-01,422,39832000
272,2026-08-01,339,22321000
337,2026/09,128,5438000
447,2026-08-01,,2928000
420,2026-08-01,22,1966000
381,2026-03-01,103,5403000
313,2026/08,299,33680000
570.0,2026-08-01,23,1673000
152,2026-08-01,171,13613000
516,2026-09-01,7,1023000
00195,2026-05-01,39,-4630000
118,2026-09-15,518,33879000
451,2026/08,33,2391000
437,08-2026,50,-4880000
153,2026-09-01,114,7319000
459,2026-08-01,57,5205000
567,2026-08-01,136,9801000
125,2026-09-15,,13518000
328.0,01/08/2026,389,16362000
36,2026-09-01,542,49569000
48,2026-08-01,103,6539000
308,2026-08-01,33,2919400
17,2026-09-01,104,7005000
426,2026-08-01,116,8636000
225,2026-08-01,112,14529000
223,2026-09-01,88,4946000
458,2026-09-01,13,862000
574,2026-08-01,239,30833000
377,2026/08,9,710000
39,2026-09-01,78,7839000
43,2026-08-01,209,17962000
298,2026-08-01,26,2476000
42,2026-08-01,610,68886000
229,01/09/2026,276,32050000
471,2026-06-01,95,-3855000
219,2026-08-01,1573,120842000
560,sep-2026,98,8437000
497,2026-08-01,91,6594000
203,202608,91,10731000
00549,2026-09-01,165,8147000
,2026-09-01,47,5833000
357,2026/08,139,17383000
53,01/08/2026,44,2435000
585,2026-09-01,7,781000
373,2026-09-15,96,9745000
32,2026-08-01,107,7596000
141,2026-09-01,113,12170000
364,2026-09-01,72,
120,2026-08-01,117,7091000
112,2026/09,22,1095000
73,2026-09-01,259,NULL
588,2026-09-01,141,10874000
187,2027-02-01,81,6821000
60,2026-08-01,120,13643000
447,2026-09-01,47,4013000
126,2026-08-01,87,9519000
CLI-0182,2026-08-01,242,12261000
5,2026-09-01,122,12106000
CLI-0225,2026-09-01,115,11354000
488,2026-08-01,0,20319000
195,2026-06-01,37,2611000
C397,2026-08-15,61,6484000
502,2026-09-01,70,6861000
279,2026-09-01,98,4756000
231,2026-08-01,64,6203000
580,2026/09,NULL,-24805000
73,2026-08-01,259,32288000
251,2026-09-01,155,12714000
586,2026-08-01,510,66186000
270,2026-09-01,148,15629000
89,2026-09-01,120,9947000
519,2026-08-01,117,9189400
386,2026-08-01,100,8029000
431,2026-09-01,82,8490000
310,2026-08-01,40,2808300
CLI-0004,2026-09-01,97,5743000
394,2026-09-01,190,18062000
470,2026-08-01,198,15873000
179,09-2026,62,4659000
165.0,2026-09-01,66,3868000
390,2026-08-15,239,9817000
CLI-0462,202609,13,938000
130,2026-08-01,16,1103000
485,2026-08-01,154,18980000
497,2026-09-01,92,10915000
430,2026-08-01,50,5893000
405,2026-08-01,18,1140000
462,01/08/2026,17,987000
263,2026-09-01,158,9142000
453,2026-09-15,249,21544000
 362 ,2026/09,279,16893000
417,ago-2026,0,10953000
599,2026-09-01,270,34099000
CLIENTE,2026-08-01,117,6286000
C266,2026-09-01,109,8209000
114,2026-08-01,-27,4470000
115,2026-08-01,0,3980000
547,2026-08-01,82,4308000
107,2027-02-01,9,1233000
40,2026-09-01,87,4224000
CLI-0075,2026-08-01,115,12553000
325.0,2026-12-01,83,7595000
391,2026-09-01,155,13992000
cli_20,2026-09-01,-30,11276000
67,2026-09-01,62,2682000
,2027-01-01,55,3095000
205,202608,141,16367000
cli_435,2026-08-01,101,8960000
254,2026-02-01,158,16980000
00490,2026-08-01,15,1288000
253,08-2026,22,2223000
372,2026-09-01,62,7375000
174,202609,58,5533000
194,2026-08-01,67,4025000
1,2026-08-01,119,13838000
181,2026-08-01,12,891000
596,2026-08-01,75,3888000
238,2026-09-01,44,3550000
506,2026-08-01,109,9170700
550,ago-2026,288,35674000
418,2026-08-01,213,18894000
87,202608,33,3352000
226,2026-08-01,19,1004000
63,2026-09-01,85,5109000
424,202608,770,75126000
266,2026-13-01,108,4546000
46,2026-08-01,77,5475000
00313,2026/08,299,33680000
 91 ,2026-09-01,340,37185000
363,NULL,221,-16291000
208,2026-08-01,288,30962000
126,2026-09-01,85,5806000
35,2026-09-01,23,1091000
66,2026-09-01,35,2031000
151,2026-08-01,8,1104000
369,08-2026,126,7504000
164,2026/08,-6,25625000
297,ago-2026,97,13918300
438,sep-2026,39,2516000
250,2026-09-01,90,6933000
366,01/09/2026,,8740000
512,2026-08-01,26,2317000
248,2026-09-01,101,4061000
587,2026-08-01,192,15685000
170,2026/08,400,23446000
 211 ,2026-09-01,63,7845000
83,ago-2026,0,22454000
15,2026-08-01,58,3050000
259,08-2026,157,7673000
97,2026-09-01,189,18689000
419,2026-08-01,139,9293000
432,2026-08-01,78,8357000
85,2026-09-01,176,-21850000
392,2026-09-01,28,3452000
327,2026-08-01,128,5052000
87,sep-2026,34,1748000
260,2026-08-01,66,2674000
512,2026-09-01,31,1450000
553,202609,119,5571000
246,2026-09-01,28,3457000
00037,2026-06-01,N/D,1129000
527,2026-09-01,63,4267000
294,2026-09-01,57,2626000
329,01/09/2026,12,486000
118,2026-08-01,518,27128000
cli_108,2026-08-01,109,12350000
82,2026-08-01,189,18326000
67,2026-08-01,65,3225000
430,2026-09-01,49,2139000
475,2026-09-01,322,13117000
517,2026-09-01,56,4290000
93,sep-2026,113,6177000
21,sep-2026,157,8694000
347,2026-08-01,120,6644000
55,2026-08-01,-5,9325000
474,2026-08-01,128,10243000
285,08-2026,47,3033000
358,2026-08-01,77,9724000
533,2026-09-01,100,12116000
cli_409,2026-04-01,248,14455000
242,2026-09-01,80,10169000
CLI-0235,2026-08-01,46,3622000
13,2026-08-01,198,11424000
575,2026-09-01,99,6653000
565,2026-08-01,98,11467000
460.0,2027-01-01,67,4132000
532,2026-09-01,109,8463000
184,2026-08-15,71,2931000
468,2026-09-01,151,11589000
554,2026-08-01,151,10859000
192,2026/09,221,25735000
359,2026-09-01,65,3857000
228,2026-08-01,32,1533000
133,2026-08-01,24,2149000
421,2026-09-01,78,4728000
117,,243,21009000
223,2026-08-01,0,5528000
198,202609,121,6697000
443,01/08/2026,57,4597000
89,2026-08-01,120,13208000
10,2026-08-01,82,4894000
552,09-2026,41,2341000
580,2026-08-01,,NULL
454,08-2026,35,1487000
 379 ,2026-08-01,147,16159000
298,2026-09-01,23,1650000
CLI-0031,2026-09-01,381,29421000
137,2026-08-01,335,26320000
592,2026-08-01,36,2089000
140,2026-04-01,7,619000
469,2026-09-01,339,17493000
348,2026-08-01,60,4318000
185,2026-08-01,33,3001000
 495 ,2026-08-01,30,1553000
368,2026-09-01,6,468000
456,N/D,244,14523000
480,2026-08-01,58,4692000
 571 ,2026-08-01,22,849000
428,2026-09-01,220,9242000
cli_274,2026-09-01,247,17493000
12-A,2026-08-01,41,3757000
345,2026-08-01,720,74432000
370,2026-08-01,117,9536000
-15,2026-08-01,70,3088000
229,2026-08-01,274,13449000
197,sep-2026,276,13027000
338,sep-2026,126,6893000
508,2026-09-01,95,9400000
365,2026-08-01,37,2363000
210,2026/09,112,13568000
188,2026-09-01,37,4826000
207,2026-08-01,40,3178000
38,2026-08-01,49,5833000
590,2026-08-15,253,18286000
482,2026-08-01,229,21313000
251,2026-08-01,157,16436000
 496 ,2026-08-01,0,2089000
C309,01/08/2026,83,5645000
58,2026-08-01,99,-12315000
209,01/09/2026,67,7480000
301,2026-09-15,14,1731000
303,2026-08-01,129,11891000
45,2026-09-15,31,3365000
cli_459,2026-09-01,52,3746000
cli_73,2026-08-01,259,32288000
377,2026-09-01,14,550000
250,2026-08-01,92,8915000
489,2026-09-01,69,7081000
493,2026-08-01,29,1925000
492,2026/08,21,2372000
6,2026-09-01,75,9149000
 199 ,2026-08-01,30,2981000
547,2027-01-01,86,10568000
278,2026-09-01,324,36351000
 22 ,2026-08-01,61,6721000
84,2026-09-01,-24,10005000
209,ago-2026,NULL,2755000
289,2026-08-01,69,7107000
134,09-2026,183,10052000
450,2026-08-01,52,4091000
214,2026-08-01,91,9821000
346,2026-08-01,80,10063000
273,2026-08-01,133,7999000
590,2026-09-01,249,13427000
338,2026-08-01,126,12866000
345,2026-09-15,716,48287000
555,ago-2026,18,1718000
 286 ,2026-09-15,70,4077700
80,2026-09-01,69,5497000
00493,2026-09-01,29,3033000
129,2026-09-01,67,2810000
472,2026-09-01,51,2292000
168,2026-09-01,159,14597000
482,202609,226,14035000
8,2026-09-01,,16520000
503,2026-08-01,25,1294000
163,2026-01-01,63,
385,ago-2026,143,15180000
304,09-2026,156,19160000
554,2026-09-01,155,15245000
445,2026-09-01,141,16625000
409,2026-04-01,248,14455000
112,2026-08-01,0,2387000
90,sep-2026,17,708000
216,2026-08-01,48,2424400
50,2026-09-01,32,4206000
379,2026-09-01,152,15456000
ABC,2026-09-01,331,20464000
381,2026-09-01,-46,9400000
12,2026-08-01,49,3669000
179,2027-01-01,58,5083000
367,2026-09-01,20,1586000
565,2026-08-01,98,12613700
584,2026-08-01,56,2569000
306,2026-09-01,225,NULL
536,202608,317,15473000
171,2026-08-01,44,2907000
216,2026-09-01,47,2628000
434,2026-09-01,15,1870000
109,2026-13-01,42,4818000
102,2026-09-01,133,13588000
505,2026-08-01,94,8594000
00395,2026-08-01,72,6489000
47,2026-09-01,61,6647000
444,2026-08-01,45,2314000
35,2026-08-01,22,2540000
C499,2026-09-01,66,5798000
143,ago-2026,126,13865000
cli_349,2026-08-01,203,13932000
43,2026-09-01,207,13112000
218,2026-08-01,439,32925000
CLI-0463,2026-08-01,105,13459000
NULL,2026/09,73,3786000
CLI-0038,2026-09-01,48,-6153000
548,2026-08-01,108,7600000
395,2026-09-01,71,4800000
291,08-2026,71,3433000
224,202608,26,2136000
352,2026-09-01,18,1871000
95,202608,339,42370000
136,2026-09-01,296,22524000
119,2026-08-01,238,22512000
244,2026-13-01,63,7387000
96.0,2026-08-01,-2,24729000
280,2026-09-01,20,1973000
cli_59,2025-12-01,43,4536000
319,2026-12-01,35,2838000
566,2026-09-01,101,10131000
401,2026-09-01,19,2299000
376,2026-08-01,-11,1042000
257,2026-08-01,121,10554000
317,2026-09-01,96,4998000
 571 ,2026-09-01,18,2219000
534,2026-09-01,20,823000
476,2027-01-01,75,6620000
64,2026-08-01,31,3178000
396,2026-08-01,126,5788000
cli_415,2026-09-15,251,11093000
CLI-0059,2026-08-01,43,3365000
237,2026-09-01,142,7850000
371.0,2026-08-01,54,5928000
532.0,2026-08-01,109,12904000
29,2026-09-01,134,15574000
302,2026/09,21,1352000
394,2026-08-01,188,12248000
C416,2026-08-01,237,22681000
60,2026-09-01,116,13294000
329,2026-08-01,10,983000
503,01/09/2026,27,1072000
335,2026-09-01,10,660000
-15,2026-09-01,43,4720000
318,2026-09-01,148,17693000
185,2026-09-01,32,2942000
135,2026-08-01,204,18097000
328,2026-09-01,386,41268000
410,2026-09-15,304,37114000
412,2026-08-01,93,7314000
471,202609,92,6299000
24,2026-08-01,161,10943000
175,2026-09-01,45,2538000
586,2026-09-01,513,27451000
439,2026-08-01,154,7456000
387,2026-09-01,12,1732000
98,2026-09-01,15,576000
52,2026-08-01,94,4944000
3,202608,90,6457000
310,2026-09-01,39,3798000
 286 ,2026-09-15,70,3707000
27,2026-08-01,63,5229000
132,202609,797,81002000
574,2026-09-01,241,11207000
222,2026-09-15,18,734000
525,2026-08-01,112,10119000
392,2026-08-01,34,1868000
C419,,143,7135000
473,2026-08-15,141,5790000
346,2026-09-01,78,9345000
153,ago-2026,110,14276000
171,2026-09-01,42,3191000
484,sep-2026,62,3487000
157,2026-09-01,283,34872000
75,2026-09-01,115,5941000
63,ago-2026,-16,6630000
ABC,2026-08-01,72,6516000
288,2026-08-01,36,1442000
349,2026-09-01,208,11694000
333,2026-08-01,51,4581000
26,2026-08-01,128,8183000
506,2026-08-01,109,8337000
364,2026/08,73,5096000
400,01/09/2026,53,3935000
417,2026-09-01,90,9289000
177,2026-09-01,187,N/D
CLI-0086,2026-13-01,55,6184000
72,2026-08-01,42,3921000
236,2026-08-01,215,25879000
442,2026-08-01,81,7133000
CLI-0327,2026-09-01,126,5434000
200,2026-09-01,114,5982000
501,202608,111,8846000
510,2026-09-01,131,17142000
161,202608,48,5979000
10,2026-13-01,81,8123000
343,2026-08-01,165,15727000
18,2026-09-01,65,4990000
413,2026/08,19,777000
452,2026-08-01,56,4869000
253,sep-2026,20,2555000
414,2026-09-01,95,11399000
563,2026-09-01,38,3513000
N/D,2026-09-01,31,3086000
461,2026-08-01,141,14911000
409,2026-09-01,249,14114000
C434,2026-08-01,17,2273000
269,2026-12-01,97,11970000
380,2026-08-01,45,3571000
cli_562,2026-08-01,183,14869000
597,2026-12-01,-46,19373000
20,2026-08-15,102,9194000
88,2026/09,119,9751000
123,2026-09-01,70,7650000
406,2026-08-01,59,6936000
570,09-2026,24,1089000
578,2027-02-01,103,5783000
523,2026-09-01,96,NULL
cli_393,2026-08-01,21,2253000
249,2026-08-01,24,1303500
245,2026-09-01,5,614000
78,2026-11-01,16,1097000
320,2026-08-01,94,11775000
332,2026-08-01,0,1650000
427,sep-2026,100,7102000
472,2026-08-01,48,3238000
144,2026-09-01,86,9672000
313,2026-09-01,298,25854000
592,2026-09-01,37,1590000
343,2026-06-01,165,12735000
535,202608,44,5138000
cli_487,2026-09-01,44,5125000
285,2026-09-01,43,4725000
 576 ,2026-08-01,152,13123000
368,2026-08-01,3,498000
397,2026-08-15,61,6484000
 9 ,2026-09-01,55,3195000
64,09-2026,30,1385000
162,2026-08-01,112,4864000
128,2026-09-01,236,16747000
518,2026-09-01,175,17528000
464,2026-09-01,140,17231000
79,2026-08-01,197,15906000
96,2026-08-01,-2,24729000
58,2026-09-01,96,9083000
8,2026-08-01,132,-15305400
496,2026-09-01,44,3725000
304,2026-01-01,158,9398000
91,2026-08-01,339,26332000
151,2026-09-01,13,1180000
249,2026-08-01,24,1185000
175,2026-08-01,49,3244000
544,2026-13-01,120,14716000
19,2026-08-01,-4,1267000
373,202608,96,9664000
12-A,2026-08-01,37,
522,2027-01-01,29,N/D
259,2026-09-01,156,-15912000
187,2026-08-01,80,5070000
23,2026-09-01,-36,6057000
239,2026-08-01,489,43174000
79,2026-09-01,194,19835000
550,2026/09,290,13891000
86,2026-09-01,57,6247000
9,2026-08-01,59,4607000
256,01/09/2026,339,25936000
N/D,2026-08-01,22,962000
96,2026-09-01,191,20083000
274,2026-08-01,249,10128000
258,2026-09-01,189,14426000
330,2026-08-01,115,NULL
517,2026-08-01,58,2439000
415,ago-2026,247,15062000
528,2026-09-01,92,7019000
241,2026-08-01,394,35599000
480,2026-09-01,56,-5780000
593,2026-09-01,59,2510000
142,2026-09-01,107,7610000
541,2026-09-01,655,NULL
399,2026-09-01,103,6240000
335.0,2026-08-01,11,774400
113,2026-09-01,80,3812000
14,01/08/2026,118,12002000
142,2026-08-15,110,9564000
CLI-0002,2026-08-01,15,1628000
,09-2026,1574,148113000
cli_307,2026-09-01,523,31116000
183,2026-08-01,234,13544000
 115 ,2026-09-01,76,9386000
19,2026-09-01,26,1829000
375,2026-09-01,95,5524000
235,2026-09-01,44,2793000
549,2026-08-01,165,8921000
263,2026-09-01,158,10056200
344,2026-09-01,129,17083000
320,2026-06-01,98,7147000
546,2026-08-01,36,1751000
527,2026-08-01,69,4067000
572,01/08/2026,34,2886000
-15,ago-2026,22,2306000
81,2026-08-01,259,30140000
479,2026-08-01,326,14300000
411,2026-09-01,61,3964000
535,2026-09-01,44,5261000
439,2026-09-01,153,7876000
 457 ,2026-09-01,17,2185000
77,2026-05-01,73,4607000
576,2026/09,157,19023000
255,2026-09-01,155,10420000
579,202608,54,5073000
52,2026-09-01,98,8300000
294,2026-08-01,56,N/D
558,2026-08-01,103,6675000
27,2026-09-01,67,4193000
76,2026-09-01,71,5797000
202,2026-09-01,82,7872000
104,2026-09-15,45,2718000
596,2026-09-01,74,6838000
5,2026-08-01,128,14311000
508,ago-2026,100,10755000
227,202608,81,9934000
127,09-2026,41,1906000
449,01/08/2026,38,3585000
551,2026-09-01,1134,77275000
441,2026/08,40,4169000
595,2026-09-01,11,1809000
CLI-0312,01/09/2026,23,1325000
173,2026/09,81,10111000
561,2026-02-01,62,2939200
132,2026-08-01,795,54049000
76,2026-08-01,70,8320000
237,2026-08-01,146,8933000
321,2026-08-01,20,2005000
82,2026-09-01,-3,13708200
594,2026/08,228,21550000
cli_276,2026-12-01,30,4286000
465,2025-12-01,0,31038000
245,ago-2026,4,269000
568,2026-09-01,36,4242000
74,2026-08-01,209,26529000
202.0,08-2026,0,10997000
00478,2026-08-01,37,2279000
CLI-0591,2026-09-01,13,1229000
C330,2026-09-01,111,-8240000
232,2026-09-01,137,14959000
94,2026-08-01,124,10085000
305,2026-08-01,127,15015000
72,2026-09-01,44,2212000
376,2026-09-01,15,1735000
491,2026-09-01,55,2954000
99,09-2026,294,23731000
442,2026-09-01,83,8540000
140,2026-09-01,7,1159000
147,2026-09-01,200,24941000
572,2026-09-01,37,2931000
201,2026-08-01,30,2827000
62,2026-08-01,657,48479000
102,2026-12-01,133,17669000
418,2026-09-01,219,23118000
124,2026/08,232,22544000
599,2026-08-15,267,27066000
198,202609,121,7366700
193.0,2026-08-01,96,9381000
428,2026-08-01,218,25111000
110,2026-09-01,99,10293000
321,01/09/2026,22,1794000
1,2026-09-01,118,12126000
57,2026-08-01,N/D,7085000
00350,2026-08-01,124,6109000
00191,2026-08-01,183,9042000
476,2026-09-01,0,N/D
567,202609,137,14364000
221.0,2026-09-01,112,11685000
332,2026-09-01,13,1647000
576,2026-08-01,152,13123000
159,2026-09-01,36,3837000
325,2026-08-01,81,10002000
355,2026-09-01,94,10688000
487,2026/08,42,2069000
314,01/09/2026,179,12586000
317,2026-08-01,99,8985000
 338 ,sep-2026,126,6893000
581,2026-09-01,167,7765000
CLI-0398,2026-09-01,182,21995000
323,2026-09-01,83,9037000
507,2026-08-01,129,5335000
279,ago-2026,95,9473000
341,2026-09-01,174,21920000
289,09-2026,69,8214000
555,2026-09-01,19,1902000
263,08-2026,155,19143000
530,sep-2026,33,3831000
271,2026-08-01,72,6161000
375,2026-08-01,90,7568000
583,202608,253,30113000
12-A,2026-08-01,202,16288000
48,2026-09-15,109,5411000
C511,2026-08-01,79,9499000
00282,2026-09-01,268,34661000
372,2026-08-15,66,6137000
C432,2026-03-01,81,9338000
446,09-2026,55,3153000
,2026-08-01,46,5253000
,2026-08-01,,5166000
197,2026-08-15,277,18999000
398,ago-2026,178,11488000
436,2026/08,56,3430000
199,2026-09-01,29,1919000
384,2026-08-01,50,2849000
 268 ,01/09/2026,164,13874000
515,2026-08-01,86,6749000
322,2026-08-01,117,8126000
307.0,2026-08-01,525,53108000
481,2026-08-01,35,3840000
363,2026-09-01,223,-24061000
342,2026/09,116,5388000
50,2026-08-01,31,3629000
403,2026-08-01,226,9870000
204,2026-08-01,31,1470000
252,2026-08-01,63,5118000
cli_536,2026-09-01,319,20552000
529,2026/08,11,577000
465,09-2026,270,18168000
CLI-0390,2026-09-01,234,19659000
101,2026-08-01,24,2978000
 68 ,2026-08-01,68,3136000
526,2026-09-01,211,13656000
21,2026-08-01,-27,17895000
509,2026-09-01,58,4402000
116,ago-2026,65,6797000
190,2026-08-01,146,18036000
145,08-2026,30,2547000
210,2026-08-01,112,5477000
196,202609,38,3669000
297,ago-2026,97,12653000
582,2026-08-01,135,14138000
544,2026-08-01,118,7582000
324,2026-09-01,96,10584000
577,2026-08-01,NULL,9918000
261,2026-08-01,-46,38643000
33,2026/08,333,18543000
8,2026-08-01,132,-13914000
533,2026-08-01,99,6641000
ABC,2026-08-01,674,75436000
190,sin periodo,144,6003000
94,01/09/2026,0,9461000
 382 ,2026-09-01,31,3754000
00109,2026-08-01,42,3843000
396,2026-09-01,126,16056000
539,2026-08-01,112,7576000
440,2026-08-01,0,2287000
169,2026-09-01,107,5418000
360,2026-09-01,171,16185000
148,2026-09-01,146,5977000
509,2027-01-01,,2410000
228,2026-09-01,36,1729000
408,2026-09-01,109,11978000
135,2026-09-01,204,23219000
498,2026-09-01,111,13709000
101,2026-09-15,28,1639000
81,2026-09-01,259,25572000
365,2026-09-01,39,4094000
201,01/09/2026,31,4266000
00352,01/08/2026,NULL,2344000
565,2026-09-01,99,4198000
283,2026-09-01,275,12273000
CLI-0511,2026-09-01,82,5670000
513,01/09/2026,103,8047000
553,2026-08-01,124,12520000
103,2026/09,98,4304000
18,2026/08,64,3855000
388,2026-09-01,294,38059000
255,2026/08,155,15407000
213,2026-08-01,,3614600
46,2026-09-01,80,8758000
449,2026-11-01,32,3525000
283,2026-08-01,274,21513000
389,N/D,7,852000
121,2026-09-01,29,2646000
7,202609,59,2680000
158,2026-03-01,175,7900000
301,ago-2026,17,1243000
194,2026-09-15,66,7852000
84,2026-08-01,98,4613000
421,2026-08-01,78,9286000
11,2026-08-01,173,18029000
324,2026-08-01,101,8883000
578,2026-08-01,99,5881000
416,2026-09-01,NULL,25690000
282,01/08/2026,268,N/D
00374,2026-09-01,45,5202000
344,2026-08-01,131,11631000
479,2026-09-01,322,23231000
95,2026-06-01,341,37587000
488,2026-09-01,263,23964000
350,09-2026,129,14875000
256,2026-08-01,342,36198000
542,2026-08-01,99,10841000
238,2026-08-01,38,4508000
429,2026-08-01,26,2086000
374,2026-09-01,45,5202000
127,2026-08-01,40,2068000
11,2026-09-01,177,11920000
230,2026-09-01,42,2637000
593,2026-08-01,56,7344000
139,2026-08-01,19,1766000
478,2026-09-01,34,2820000
C528,202608,92,6963000
193,2026-09-01,100,5355000
403,2026-01-01,230,13329000
172,2026-09-01,21,1247000
385,202609,139,9623000
66,2026-08-01,40,4547000
436,2026-09-01,60,7076000
562,2026-09-01,186,8848000
44,2026-09-01,47,3879000
166,2026-08-01,152,15793000
513,2026-08-01,105,5457100
234,2026-08-01,75,4658000
00061,2026-09-01,-43,1535000
523,ago-2026,93,11686000
548,2026/09,108,10218000
566,2026-08-01,104,12095000
431,2026-08-01,78,3522000
564,2026-08-01,52,4830000
